{"aAcc": 96.04, "mIoU": 75.16, "mAcc": 81.88, "data_time": 0.0042205796531621185, "time": 0.3183958023965717}