{"aAcc": 96.29, "mIoU": 74.55, "mAcc": 81.55, "data_time": 0.004069692067647665, "time": 0.3020979800698912}