{"aAcc": 95.96, "mIoU": 74.38, "mAcc": 81.97, "data_time": 0.0043170546083826184, "time": 0.26651053772660677}