{"data_time": 0.010278531815856695, "eta_seconds": 352730.280195144, "fast_rcnn/cls_accuracy": 0.01220703125, "fast_rcnn/false_negative": 0.0084937630687144, "fast_rcnn/fg_cls_accuracy": 0.044466403162055336, "iteration": 19, "loss_box_reg": 0.5030782520771027, "loss_cls": 3.275954246520996, "loss_mask": 0.6916572749614716, "loss_rpn_cls": 1.672911822795868, "loss_rpn_loc": 0.7829290628433228, "lr": 4.99525e-06, "mask_rcnn/accuracy": 0.6062978347635077, "mask_rcnn/false_negative": 0.3645834826032385, "mask_rcnn/false_positive": 0.45197462229943164, "rank_data_time": 0.010278531815856695, "roi_head/num_bg_samples": 411.75, "roi_head/num_fg_samples": 100.25, "rpn/num_neg_anchors": 128.0, "rpn/num_pos_anchors": 128.0, "time": 1.7638277837540954, "total_loss": 6.87049001455307}
{"data_time": 0.010891611920669675, "eta_seconds": 354492.1957908664, "fast_rcnn/cls_accuracy": 0.03938802083333333, "fast_rcnn/false_negative": 0.037903574171253035, "fast_rcnn/fg_cls_accuracy": 0.04254234855010049, "iteration": 39, "loss_box_reg": 0.47925639152526855, "loss_cls": 3.138867139816284, "loss_mask": 0.6903030872344971, "loss_rpn_cls": 1.4345725774765015, "loss_rpn_loc": 0.8359661102294922, "lr": 9.99025e-06, "mask_rcnn/accuracy": 0.6411590732553023, "mask_rcnn/false_negative": 0.3554244492648607, "mask_rcnn/false_positive": 0.36870350106534294, "rank_data_time": 0.010891611920669675, "roi_head/num_bg_samples": 411.41666666666663, "roi_head/num_fg_samples": 100.58333333333334, "rpn/num_neg_anchors": 130.16666666666669, "rpn/num_pos_anchors": 125.83333333333334, "time": 1.7902731203939766, "total_loss": 6.55422168970108}
{"data_time": 0.010488382540643215, "eta_seconds": 356973.6162594706, "fast_rcnn/cls_accuracy": 0.5279947916666666, "fast_rcnn/false_negative": 0.45127967744951103, "fast_rcnn/fg_cls_accuracy": 0.028543250540990828, "iteration": 59, "loss_box_reg": 0.4559800922870636, "loss_cls": 2.8403329849243164, "loss_mask": 0.687806099653244, "loss_rpn_cls": 1.007142573595047, "loss_rpn_loc": 0.7729107737541199, "lr": 1.498525e-05, "mask_rcnn/accuracy": 0.6688002949334853, "mask_rcnn/false_negative": 0.2860927931870842, "mask_rcnn/false_positive": 0.38129205102273334, "rank_data_time": 0.010488382540643215, "roi_head/num_bg_samples": 409.5, "roi_head/num_fg_samples": 102.5, "rpn/num_neg_anchors": 128.0, "rpn/num_pos_anchors": 128.0, "time": 1.8029615425039083, "total_loss": 5.875193625688553}
{"data_time": 0.010383347515016794, "eta_seconds": 357676.09887979925, "fast_rcnn/cls_accuracy": 0.79296875, "fast_rcnn/false_negative": 0.9398782804084861, "fast_rcnn/fg_cls_accuracy": 0.001508573612931411, "iteration": 79, "loss_box_reg": 0.44669046998023987, "loss_cls": 2.3555761575698853, "loss_mask": 0.6842117607593536, "loss_rpn_cls": 0.6946244835853577, "loss_rpn_loc": 0.7728880941867828, "lr": 1.9980250000000002e-05, "mask_rcnn/accuracy": 0.7015371282706482, "mask_rcnn/false_negative": 0.26034946403484677, "mask_rcnn/false_positive": 0.3598395667350291, "rank_data_time": 0.010383347515016794, "roi_head/num_bg_samples": 412.91666666666663, "roi_head/num_fg_samples": 99.08333333333334, "rpn/num_neg_anchors": 128.0, "rpn/num_pos_anchors": 128.0, "time": 1.8237847483251244, "total_loss": 4.978024065494537}
