{"lr": 0.009989084308262066, "data_time": 0.00794517993927002, "loss": 2.921582078933716, "decode.loss_ce": 2.0622025609016417, "decode.acc_seg": 48.540401458740234, "aux.loss_ce": 0.859379506111145, "aux.acc_seg": 19.31447982788086, "time": 0.7339508295059204, "iter": 50, "memory": 13560, "step": 50}
{"lr": 0.00997794446709763, "data_time": 0.005173230171203613, "loss": 2.664244794845581, "decode.loss_ce": 1.8512050747871398, "decode.acc_seg": 62.438201904296875, "aux.loss_ce": 0.8130397021770477, "aux.acc_seg": 34.80253219604492, "time": 0.7356103897094727, "iter": 100, "memory": 7458, "step": 100}
{"lr": 0.009966803229875268, "data_time": 0.005100369453430176, "loss": 2.804340970516205, "decode.loss_ce": 2.008869767189026, "decode.acc_seg": 31.133270263671875, "aux.loss_ce": 0.7954712390899659, "aux.acc_seg": 38.01078796386719, "time": 0.7364759683609009, "iter": 150, "memory": 7459, "step": 150}
{"lr": 0.009955660594668054, "data_time": 0.007386350631713867, "loss": 3.126628541946411, "decode.loss_ce": 2.2813596725463867, "decode.acc_seg": 29.348278045654297, "aux.loss_ce": 0.845268839597702, "aux.acc_seg": 51.68027877807617, "time": 0.7469389200210571, "iter": 200, "memory": 7458, "step": 200}
{"lr": 0.00994451655954398, "data_time": 0.00794672966003418, "loss": 2.6287753343582154, "decode.loss_ce": 1.8514951586723327, "decode.acc_seg": 39.655494689941406, "aux.loss_ce": 0.777280181646347, "aux.acc_seg": 32.907962799072266, "time": 0.7461130380630493, "iter": 250, "memory": 7459, "step": 250}
{"lr": 0.009933371122565919, "data_time": 0.007169795036315918, "loss": 2.674971580505371, "decode.loss_ce": 1.892508602142334, "decode.acc_seg": 49.98884201049805, "aux.loss_ce": 0.7824629664421081, "aux.acc_seg": 52.355003356933594, "time": 0.7455238103866577, "iter": 300, "memory": 7458, "step": 300}
{"lr": 0.009922224281791656, "data_time": 0.00710148811340332, "loss": 2.471241819858551, "decode.loss_ce": 1.7470799684524536, "decode.acc_seg": 53.29437255859375, "aux.loss_ce": 0.7241618156433105, "aux.acc_seg": 52.22482681274414, "time": 0.7447129487991333, "iter": 350, "memory": 7459, "step": 350}
{"lr": 0.009911076035273796, "data_time": 0.0074471235275268555, "loss": 2.198884427547455, "decode.loss_ce": 1.5487275004386902, "decode.acc_seg": 41.240692138671875, "aux.loss_ce": 0.6501569271087646, "aux.acc_seg": 43.129539489746094, "time": 0.7468921422958374, "iter": 400, "memory": 7459, "step": 400}
{"lr": 0.009899926381059788, "data_time": 0.008060884475708009, "loss": 2.6206607580184937, "decode.loss_ce": 1.8329953312873841, "decode.acc_seg": 67.02146911621094, "aux.loss_ce": 0.7876654148101807, "aux.acc_seg": 52.95562744140625, "time": 0.7501582145690918, "iter": 450, "memory": 7459, "step": 450}
{"lr": 0.0098887753171919, "data_time": 0.006631898880004883, "loss": 1.9963345885276795, "decode.loss_ce": 1.3767800986766816, "decode.acc_seg": 31.096935272216797, "aux.loss_ce": 0.6195544838905335, "aux.acc_seg": 30.929183959960938, "time": 0.7436915874481201, "iter": 500, "memory": 7459, "step": 500}
{"lr": 0.009877622841707205, "data_time": 0.007466816902160644, "loss": 2.4027570128440856, "decode.loss_ce": 1.6637046575546264, "decode.acc_seg": 60.56809616088867, "aux.loss_ce": 0.7390523761510849, "aux.acc_seg": 60.925209045410156, "time": 0.7460345983505249, "iter": 550, "memory": 7458, "step": 550}
{"lr": 0.009866468952637547, "data_time": 0.007145881652832031, "loss": 2.3092336297035216, "decode.loss_ce": 1.6069909691810609, "decode.acc_seg": 31.746959686279297, "aux.loss_ce": 0.7022426426410675, "aux.acc_seg": 31.96573257446289, "time": 0.7446972846984863, "iter": 600, "memory": 7458, "step": 600}
{"lr": 0.00985531364800951, "data_time": 0.007397913932800293, "loss": 2.4552786350250244, "decode.loss_ce": 1.7013923168182372, "decode.acc_seg": 54.23412322998047, "aux.loss_ce": 0.7538863241672515, "aux.acc_seg": 41.29056930541992, "time": 0.745587968826294, "iter": 650, "memory": 7459, "step": 650}
{"lr": 0.009844156925844432, "data_time": 0.007795524597167969, "loss": 2.001475918292999, "decode.loss_ce": 1.3887122750282288, "decode.acc_seg": 67.11254119873047, "aux.loss_ce": 0.6127636551856994, "aux.acc_seg": 54.149532318115234, "time": 0.7453542709350586, "iter": 700, "memory": 7458, "step": 700}
{"lr": 0.009832998784158347, "data_time": 0.0076106548309326175, "loss": 1.9635481476783752, "decode.loss_ce": 1.3794321060180663, "decode.acc_seg": 57.930850982666016, "aux.loss_ce": 0.5841160088777542, "aux.acc_seg": 54.070186614990234, "time": 0.7467440128326416, "iter": 750, "memory": 7459, "step": 750}
{"lr": 0.009821839220962003, "data_time": 0.007362151145935058, "loss": 2.259348511695862, "decode.loss_ce": 1.5741424083709716, "decode.acc_seg": 45.172977447509766, "aux.loss_ce": 0.6852061122655868, "aux.acc_seg": 45.653629302978516, "time": 0.7463850021362305, "iter": 800, "memory": 7458, "step": 800}
{"lr": 0.009810678234260793, "data_time": 0.007364606857299805, "loss": 2.313602828979492, "decode.loss_ce": 1.603336226940155, "decode.acc_seg": 47.21393585205078, "aux.loss_ce": 0.7102665811777115, "aux.acc_seg": 44.70815658569336, "time": 0.7462738990783692, "iter": 850, "memory": 7459, "step": 850}
{"lr": 0.009799515822054777, "data_time": 0.007339572906494141, "loss": 2.218288481235504, "decode.loss_ce": 1.491392433643341, "decode.acc_seg": 45.07274627685547, "aux.loss_ce": 0.7268960386514663, "aux.acc_seg": 27.594852447509766, "time": 0.7478275537490845, "iter": 900, "memory": 7458, "step": 900}
{"lr": 0.009788351982338642, "data_time": 0.007522273063659668, "loss": 2.730652415752411, "decode.loss_ce": 1.9532848238945006, "decode.acc_seg": 54.471588134765625, "aux.loss_ce": 0.7773675829172134, "aux.acc_seg": 42.80366897583008, "time": 0.746391487121582, "iter": 950, "memory": 7458, "step": 950}
{"lr": 0.00977718671310168, "data_time": 0.007354998588562011, "loss": 2.003257763385773, "decode.loss_ce": 1.393442451953888, "decode.acc_seg": 28.472518920898438, "aux.loss_ce": 0.6098152816295623, "aux.acc_seg": 28.08856964111328, "time": 0.7455975770950317, "iter": 1000, "memory": 7459, "step": 1000}
{"lr": 0.00976602001232777, "data_time": 0.007309579849243164, "loss": 2.265956437587738, "decode.loss_ce": 1.576299285888672, "decode.acc_seg": 65.4226303100586, "aux.loss_ce": 0.6896571606397629, "aux.acc_seg": 58.624839782714844, "time": 0.7461449861526489, "iter": 1050, "memory": 7458, "step": 1050}
{"lr": 0.009754851877995354, "data_time": 0.0052001953125, "loss": 2.4534909248352053, "decode.loss_ce": 1.7119699954986571, "decode.acc_seg": 35.78968048095703, "aux.loss_ce": 0.7415208995342255, "aux.acc_seg": 37.5788688659668, "time": 0.7434028625488281, "iter": 1100, "memory": 7459, "step": 1100}
{"lr": 0.009743682308077416, "data_time": 0.007484960556030274, "loss": 2.1529395937919618, "decode.loss_ce": 1.500083827972412, "decode.acc_seg": 49.37129211425781, "aux.loss_ce": 0.6528557687997818, "aux.acc_seg": 46.295654296875, "time": 0.7479707956314087, "iter": 1150, "memory": 7459, "step": 1150}
{"lr": 0.009732511300541468, "data_time": 0.006712079048156738, "loss": 2.3779521942138673, "decode.loss_ce": 1.6692432403564452, "decode.acc_seg": 29.827117919921875, "aux.loss_ce": 0.7087089627981186, "aux.acc_seg": 25.65469741821289, "time": 0.744586443901062, "iter": 1200, "memory": 7459, "step": 1200}
{"lr": 0.009721338853349512, "data_time": 0.0065182924270629885, "loss": 2.345779740810394, "decode.loss_ce": 1.633845865726471, "decode.acc_seg": 47.110939025878906, "aux.loss_ce": 0.7119338363409042, "aux.acc_seg": 43.97745132446289, "time": 0.7435777187347412, "iter": 1250, "memory": 7459, "step": 1250}
