{"aAcc": 96.29, "mIoU": 74.55, "mAcc": 81.55, "data_time": 0.00433820394491783, "time": 0.30308432967645293}