{"lr": 0.0099981808488485, "data_time": 0.008667945861816406, "loss": 2.428582453727722, "decode.loss_ce": 1.6537206709384917, "decode.acc_seg": 61.75276184082031, "aux.loss_ce": 0.7748617768287659, "aux.acc_seg": 55.259891510009766, "time": 1.1488696336746216, "iter": 50, "memory": 14004, "step": 50}
{"lr": 0.00999632453386917, "data_time": 0.009048533439636231, "loss": 1.5041643381118774, "decode.loss_ce": 0.9978673994541168, "decode.acc_seg": 74.22504425048828, "aux.loss_ce": 0.5062969237565994, "aux.acc_seg": 69.59444427490234, "time": 1.1544685363769531, "iter": 100, "memory": 10934, "step": 100}
{"lr": 0.009994468180200087, "data_time": 0.008233952522277831, "loss": 1.624015212059021, "decode.loss_ce": 1.0692859590053558, "decode.acc_seg": 79.25904083251953, "aux.loss_ce": 0.5547292560338974, "aux.acc_seg": 50.31509017944336, "time": 1.147688865661621, "iter": 150, "memory": 10934, "step": 150}
{"lr": 0.009992611787832374, "data_time": 0.007500243186950683, "loss": 1.6139780640602113, "decode.loss_ce": 1.036138689517975, "decode.acc_seg": 74.00849151611328, "aux.loss_ce": 0.5778393834829331, "aux.acc_seg": 59.129966735839844, "time": 1.1493255138397216, "iter": 200, "memory": 10934, "step": 200}
{"lr": 0.009990755356757159, "data_time": 0.006387662887573242, "loss": 1.4635087490081786, "decode.loss_ce": 0.9383425295352936, "decode.acc_seg": 69.90101623535156, "aux.loss_ce": 0.5251662105321884, "aux.acc_seg": 61.688358306884766, "time": 1.1445003747940063, "iter": 250, "memory": 10933, "step": 250}
{"lr": 0.00998889888696556, "data_time": 0.005902338027954102, "loss": 1.3693723261356354, "decode.loss_ce": 0.8813831269741058, "decode.acc_seg": 59.703697204589844, "aux.loss_ce": 0.48798919916152955, "aux.acc_seg": 44.36581802368164, "time": 1.1494949817657472, "iter": 300, "memory": 10934, "step": 300}
{"lr": 0.009987042378448703, "data_time": 0.008326220512390136, "loss": 1.481479412317276, "decode.loss_ce": 1.009413304924965, "decode.acc_seg": 65.95878601074219, "aux.loss_ce": 0.4720661133527756, "aux.acc_seg": 55.34324264526367, "time": 1.1537939786911011, "iter": 350, "memory": 10934, "step": 350}
{"lr": 0.00998518583119768, "data_time": 0.005350804328918457, "loss": 1.1463606715202332, "decode.loss_ce": 0.7380945205688476, "decode.acc_seg": 85.76412200927734, "aux.loss_ce": 0.4082661360502243, "aux.acc_seg": 79.63516998291016, "time": 1.140370750427246, "iter": 400, "memory": 10934, "step": 400}
{"lr": 0.009983329245203629, "data_time": 0.0065471410751342775, "loss": 1.3601251006126405, "decode.loss_ce": 0.914070063829422, "decode.acc_seg": 71.56524658203125, "aux.loss_ce": 0.44605501294136046, "aux.acc_seg": 60.314239501953125, "time": 1.1467114210128784, "iter": 450, "memory": 10933, "step": 450}
{"lr": 0.00998147262045764, "data_time": 0.005963563919067383, "loss": 0.8606134206056595, "decode.loss_ce": 0.5358374774456024, "decode.acc_seg": 92.23556518554688, "aux.loss_ce": 0.3247759327292442, "aux.acc_seg": 91.13623046875, "time": 1.1449356079101562, "iter": 500, "memory": 10934, "step": 500}
{"lr": 0.009979615956950806, "data_time": 0.006976985931396484, "loss": 1.2575943231582642, "decode.loss_ce": 0.8197888970375061, "decode.acc_seg": 57.81624984741211, "aux.loss_ce": 0.4378054141998291, "aux.acc_seg": 47.95118713378906, "time": 1.150477933883667, "iter": 550, "memory": 10933, "step": 550}
{"lr": 0.009977759254674232, "data_time": 0.007455754280090332, "loss": 0.9888219356536865, "decode.loss_ce": 0.6459047138690949, "decode.acc_seg": 81.84471130371094, "aux.loss_ce": 0.34291722923517226, "aux.acc_seg": 74.68191528320312, "time": 1.1496937990188598, "iter": 600, "memory": 10933, "step": 600}
{"lr": 0.009975902513619005, "data_time": 0.007944560050964356, "loss": 0.835624697804451, "decode.loss_ce": 0.5618655174970627, "decode.acc_seg": 79.6270751953125, "aux.loss_ce": 0.27375917583703996, "aux.acc_seg": 67.9835205078125, "time": 1.1518668174743651, "iter": 650, "memory": 10933, "step": 650}
{"lr": 0.009974045733776223, "data_time": 0.007170486450195313, "loss": 1.2314490795135498, "decode.loss_ce": 0.8276596695184708, "decode.acc_seg": 88.95032501220703, "aux.loss_ce": 0.40378940403461455, "aux.acc_seg": 88.64105987548828, "time": 1.1470936298370362, "iter": 700, "memory": 10933, "step": 700}
{"lr": 0.009972188915136966, "data_time": 0.007797598838806152, "loss": 0.715964749455452, "decode.loss_ce": 0.45046206563711166, "decode.acc_seg": 86.77948760986328, "aux.loss_ce": 0.26550267934799193, "aux.acc_seg": 84.06086730957031, "time": 1.146743369102478, "iter": 750, "memory": 10933, "step": 750}
{"lr": 0.00997033205769232, "data_time": 0.008274579048156738, "loss": 0.9139719605445862, "decode.loss_ce": 0.5633552104234696, "decode.acc_seg": 80.42767333984375, "aux.loss_ce": 0.35061673671007154, "aux.acc_seg": 61.33670425415039, "time": 1.1511903524398803, "iter": 800, "memory": 10933, "step": 800}
{"lr": 0.009968475161433359, "data_time": 0.007139158248901367, "loss": 0.9002018809318543, "decode.loss_ce": 0.5630399405956268, "decode.acc_seg": 93.78363037109375, "aux.loss_ce": 0.3371619418263435, "aux.acc_seg": 88.92891693115234, "time": 1.1515206336975097, "iter": 850, "memory": 10934, "step": 850}
{"lr": 0.009966618226351153, "data_time": 0.007223749160766601, "loss": 0.9509371042251586, "decode.loss_ce": 0.6243392080068588, "decode.acc_seg": 79.34646606445312, "aux.loss_ce": 0.32659789323806765, "aux.acc_seg": 71.73500061035156, "time": 1.1503942251205443, "iter": 900, "memory": 10934, "step": 900}
{"lr": 0.009964761252436782, "data_time": 0.006023192405700683, "loss": 1.0826124966144561, "decode.loss_ce": 0.7149119287729263, "decode.acc_seg": 71.7737045288086, "aux.loss_ce": 0.3677005603909492, "aux.acc_seg": 72.11738586425781, "time": 1.1473739385604858, "iter": 950, "memory": 10934, "step": 950}
{"lr": 0.009962904239681296, "data_time": 0.00621335506439209, "loss": 0.868511974811554, "decode.loss_ce": 0.55473013818264, "decode.acc_seg": 88.47840118408203, "aux.loss_ce": 0.3137818105518818, "aux.acc_seg": 82.7768325805664, "time": 1.1451733589172364, "iter": 1000, "memory": 10933, "step": 1000}
{"lr": 0.00996104718807577, "data_time": 0.008206367492675781, "loss": 1.1248201906681061, "decode.loss_ce": 0.7388173669576645, "decode.acc_seg": 74.8224868774414, "aux.loss_ce": 0.38600282967090604, "aux.acc_seg": 67.10491180419922, "time": 1.1486937046051025, "iter": 1050, "memory": 10933, "step": 1050}
{"lr": 0.00995919009761125, "data_time": 0.00558021068572998, "loss": 0.9957590758800506, "decode.loss_ce": 0.6505007952451706, "decode.acc_seg": 71.78738403320312, "aux.loss_ce": 0.3452582716941833, "aux.acc_seg": 72.15721893310547, "time": 1.1462045192718506, "iter": 1100, "memory": 10933, "step": 1100}
{"lr": 0.009957332968278802, "data_time": 0.008194828033447265, "loss": 0.8799895882606507, "decode.loss_ce": 0.5554539039731026, "decode.acc_seg": 81.27581024169922, "aux.loss_ce": 0.32453568279743195, "aux.acc_seg": 78.31903839111328, "time": 1.1513965368270873, "iter": 1150, "memory": 10933, "step": 1150}
{"lr": 0.009955475800069466, "data_time": 0.007353687286376953, "loss": 0.9942789107561112, "decode.loss_ce": 0.6461410701274872, "decode.acc_seg": 81.69792175292969, "aux.loss_ce": 0.34813783690333366, "aux.acc_seg": 62.344913482666016, "time": 1.150104784965515, "iter": 1200, "memory": 10933, "step": 1200}
{"lr": 0.009953618592974287, "data_time": 0.006535243988037109, "loss": 0.842525190114975, "decode.loss_ce": 0.531001678109169, "decode.acc_seg": 83.04515838623047, "aux.loss_ce": 0.3115235134959221, "aux.acc_seg": 74.66410827636719, "time": 1.1445626497268677, "iter": 1250, "memory": 10934, "step": 1250}
{"lr": 0.009951761346984314, "data_time": 0.008960080146789551, "loss": 1.1569772005081176, "decode.loss_ce": 0.7736476540565491, "decode.acc_seg": 71.66537475585938, "aux.loss_ce": 0.3833295464515686, "aux.acc_seg": 61.8000373840332, "time": 1.154658842086792, "iter": 1300, "memory": 10934,